{"module": "keras", "class_name": "Sequential", "config": {"name": "sequential", "trainable": true, "dtype": {"module": "keras", "class_name": "DTypePolicy", "config": {"name": "float32"}, "registered_name": null}, "layers": [{"module": "keras.layers", "class_name": "InputLayer", "config": {"batch_shape": [null, 170, 170, 3], "dtype": "float32", "sparse": false, "name": "input_layer"}, "registered_name": null}, {"module": "keras.layers", "class_name": "Conv2D", "config": {"name": "conv2d", "trainable": true, "dtype": {"module": "keras", "class_name": "DTypePolicy", "config": {"name": "float32"}, "registered_name": null}, "filters": 32, "kernel_size": [2, 2], "strides": [1, 1], "padding": "valid", "data_format": "channels_last", "dilation_rate": [1, 1], "groups": 1, "activation": "linear", "use_bias": true, "kernel_initializer": {"module": "keras.initializers", "class_name": "GlorotUniform", "config": {"seed": null}, "registered_name": null}, "bias_initializer": {"module": "keras.initializers", "class_name": "Zeros", "config": {}, "registered_name": null}, "kernel_regularizer": null, "bias_regularizer": null, "activity_regularizer": null, "kernel_constraint": null, "bias_constraint": null}, "registered_name": null, "build_config": {"input_shape": [null, 170, 170, 3]}}, {"module": "keras.layers", "class_name": "Activation", "config": {"name": "activation", "trainable": true, "dtype": {"module": "keras", "class_name": "DTypePolicy", "config": {"name": "float32"}, "registered_name": null}, "activation": "silu"}, "registered_name": null, "build_config": {"input_shape": [null, 169, 169, 32]}}, {"module": "keras.layers", "class_name": "MaxPooling2D", "config": {"name": "max_pooling2d", "trainable": true, "dtype": {"module": "keras", "class_name": "DTypePolicy", "config": {"name": "float32"}, "registered_name": null}, "pool_size": [2, 2], "padding": "valid", "strides": [2, 2], "data_format": "channels_last"}, "registered_name": null, "build_config": {"input_shape": [null, 169, 169, 32]}}, {"module": "keras.layers", "class_name": "Conv2D", "config": {"name": "conv2d_1", "trainable": true, "dtype": {"module": "keras", "class_name": "DTypePolicy", "config": {"name": "float32"}, "registered_name": null}, "filters": 32, "kernel_size": [2, 2], "strides": [1, 1], "padding": "valid", "data_format": "channels_last", "dilation_rate": [1, 1], "groups": 1, "activation": "linear", "use_bias": true, "kernel_initializer": {"module": "keras.initializers", "class_name": "GlorotUniform", "config": {"seed": null}, "registered_name": null}, "bias_initializer": {"module": "keras.initializers", "class_name": "Zeros", "config": {}, "registered_name": null}, "kernel_regularizer": null, "bias_regularizer": null, "activity_regularizer": null, "kernel_constraint": null, "bias_constraint": null}, "registered_name": null, "build_config": {"input_shape": [null, 84, 84, 32]}}, {"module": "keras.layers", "class_name": "Activation", "config": {"name": "activation_1", "trainable": true, "dtype": {"module": "keras", "class_name": "DTypePolicy", "config": {"name": "float32"}, "registered_name": null}, "activation": "silu"}, "registered_name": null, "build_config": {"input_shape": [null, 83, 83, 32]}}, {"module": "keras.layers", "class_name": "MaxPooling2D", "config": {"name": "max_pooling2d_1", "trainable": true, "dtype": {"module": "keras", "class_name": "DTypePolicy", "config": {"name": "float32"}, "registered_name": null}, "pool_size": [2, 2], "padding": "valid", "strides": [2, 2], "data_format": "channels_last"}, "registered_name": null, "build_config": {"input_shape": [null, 83, 83, 32]}}, {"module": "keras.layers", "class_name": "Conv2D", "config": {"name": "conv2d_2", "trainable": true, "dtype": {"module": "keras", "class_name": "DTypePolicy", "config": {"name": "float32"}, "registered_name": null}, "filters": 64, "kernel_size": [2, 2], "strides": [1, 1], "padding": "valid", "data_format": "channels_last", "dilation_rate": [1, 1], "groups": 1, "activation": "linear", "use_bias": true, "kernel_initializer": {"module": "keras.initializers", "class_name": "GlorotUniform", "config": {"seed": null}, "registered_name": null}, "bias_initializer": {"module": "keras.initializers", "class_name": "Zeros", "config": {}, "registered_name": null}, "kernel_regularizer": null, "bias_regularizer": null, "activity_regularizer": null, "kernel_constraint": null, "bias_constraint": null}, "registered_name": null, "build_config": {"input_shape": [null, 41, 41, 32]}}, {"module": "keras.layers", "class_name": "Activation", "config": {"name": "activation_2", "trainable": true, "dtype": {"module": "keras", "class_name": "DTypePolicy", "config": {"name": "float32"}, "registered_name": null}, "activation": "silu"}, "registered_name": null, "build_config": {"input_shape": [null, 40, 40, 64]}}, {"module": "keras.layers", "class_name": "MaxPooling2D", "config": {"name": "max_pooling2d_2", "trainable": true, "dtype": {"module": "keras", "class_name": "DTypePolicy", "config": {"name": "float32"}, "registered_name": null}, "pool_size": [2, 2], "padding": "valid", "strides": [2, 2], "data_format": "channels_last"}, "registered_name": null, "build_config": {"input_shape": [null, 40, 40, 64]}}, {"module": "keras.layers", "class_name": "Flatten", "config": {"name": "flatten", "trainable": true, "dtype": {"module": "keras", "class_name": "DTypePolicy", "config": {"name": "float32"}, "registered_name": null}, "data_format": "channels_last"}, "registered_name": null, "build_config": {"input_shape": [null, 20, 20, 64]}}, {"module": "keras.layers", "class_name": "Dense", "config": {"name": "dense", "trainable": true, "dtype": {"module": "keras", "class_name": "DTypePolicy", "config": {"name": "float32"}, "registered_name": null}, "units": 64, "activation": "linear", "use_bias": true, "kernel_initializer": {"module": "keras.initializers", "class_name": "GlorotUniform", "config": {"seed": null}, "registered_name": null}, "bias_initializer": {"module": "keras.initializers", "class_name": "Zeros", "config": {}, "registered_name": null}, "kernel_regularizer": null, "bias_regularizer": null, "kernel_constraint": null, "bias_constraint": null}, "registered_name": null, "build_config": {"input_shape": [null, 25600]}}, {"module": "keras.layers", "class_name": "Activation", "config": {"name": "activation_3", "trainable": true, "dtype": {"module": "keras", "class_name": "DTypePolicy", "config": {"name": "float32"}, "registered_name": null}, "activation": "silu"}, "registered_name": null, "build_config": {"input_shape": [null, 64]}}, {"module": "keras.layers", "class_name": "Dropout", "config": {"name": "dropout", "trainable": true, "dtype": {"module": "keras", "class_name": "DTypePolicy", "config": {"name": "float32"}, "registered_name": null}, "rate": 0.5, "seed": null, "noise_shape": null}, "registered_name": null, "build_config": {"input_shape": [null, 64]}}, {"module": "keras.layers", "class_name": "Dense", "config": {"name": "dense_1", "trainable": true, "dtype": {"module": "keras", "class_name": "DTypePolicy", "config": {"name": "float32"}, "registered_name": null}, "units": 1, "activation": "linear", "use_bias": true, "kernel_initializer": {"module": "keras.initializers", "class_name": "GlorotUniform", "config": {"seed": null}, "registered_name": null}, "bias_initializer": {"module": "keras.initializers", "class_name": "Zeros", "config": {}, "registered_name": null}, "kernel_regularizer": null, "bias_regularizer": null, "kernel_constraint": null, "bias_constraint": null}, "registered_name": null, "build_config": {"input_shape": [null, 64]}}, {"module": "keras.layers", "class_name": "Activation", "config": {"name": "activation_4", "trainable": true, "dtype": {"module": "keras", "class_name": "DTypePolicy", "config": {"name": "float32"}, "registered_name": null}, "activation": "sigmoid"}, "registered_name": null, "build_config": {"input_shape": [null, 1]}}], "build_input_shape": [null, 170, 170, 3]}, "registered_name": null, "build_config": {"input_shape": [null, 170, 170, 3]}, "compile_config": {"optimizer": {"module": "keras.optimizers", "class_name": "Nadam", "config": {"name": "nadam", "learning_rate": 0.0010000000474974513, "weight_decay": null, "clipnorm": null, "global_clipnorm": null, "clipvalue": null, "use_ema": false, "ema_momentum": 0.99, "ema_overwrite_frequency": null, "loss_scale_factor": null, "gradient_accumulation_steps": null, "beta_1": 0.9, "beta_2": 0.999, "epsilon": 1e-07}, "registered_name": null}, "loss": "binary_crossentropy", "loss_weights": null, "metrics": ["accuracy"], "weighted_metrics": null, "run_eagerly": false, "steps_per_execution": 1, "jit_compile": false}}